TITLE,REPETITIONS,MEANTIME,SDEVTIME,MEANRESULT,SDEVRESULT
t16_e1_control,16.0,2.241695390625E8,3339409.3573494386,7.797346488125001E8,4.934873906260495E8
